James Rodewig -> https://github.com/jrodewig

Miguel Algorri -> https://github.com/algorri94

Ramon Rosa da Silva -> https://github.com/neoramon

James Baiera -> https://github.com/jbaiera

Chuanyu Chen -> https://github.com/chenchuanyu

Alexander Kazakov -> https://github.com/alexshadow007

David Turner -> https://github.com/csusbdt

Alan Woodward -> https://github.com/romseygeek

Yannick Welsch -> https://github.com/ywelsch

Jim Ferenczi -> https://github.com/jimczi

Przemyslaw Gomulka -> https://github.com/pgomulka

Dimitris Athanasiou -> https://github.com/dimitris-athanasiou

Rory Hunter -> https://github.com/pugnascotia

Marios Trivyzas -> https://github.com/matriv

Henning Andersen -> https://github.com/henningandersen

Alpar Torok -> https://github.com/atorok

Jason Tedor -> https://github.com/jasontedor

Michael Basnight -> https://github.com/hub-cap

Nhat Nguyen -> https://github.com/codeaholicguy

Lisa Cawley -> https://github.com/lcawl

Luca Cavanna -> https://github.com/javanna

Albert Zaharovits -> https://github.com/albertzaharovits

David Roberts -> https://github.com/davidar

Martijn van Groningen -> https://github.com/martijnvg

István Zoltán Szabó -> https://github.com/szabosteve

Tim Brooks -> https://github.com/brookst

Gordon Brown -> https://github.com/AerialMantis

Jack Conradson -> https://github.com/jdconrad

Hendrik Muhs -> https://github.com/hendrikmuhs

Przemysław Witek -> https://github.com/przemekwitek

Tomas Della Vedova -> https://github.com/delvedor

Daniel Mitterdorfer -> https://github.com/danielmitterdorfer

Mayya Sharipova -> https://github.com/mayya-sharipova

Benjamin Trent -> https://github.com/benwtrent

Dan Hermann -> https://github.com/danhermann

jesinity -> https://github.com/jesinity

Ioannis Kakavas -> https://github.com/jkakavas

weizijun -> https://github.com/weizijun

Howard -> https://github.com/howard

Costin Leau -> https://github.com/costin

Mark Vieira -> https://github.com/mark-vieira

Przemko Robakowski -> https://github.com/probakowski

Mark Tozzi -> https://github.com/not-napoleon

Andrew Naguib -> https://github.com/andrewnaguib

Takuya Kajiwara -> https://github.com/heraklos

Jake Landis -> https://github.com/jakelandis

SuXingLee -> https://github.com/SuXingLee

Ryan Ernst -> https://github.com/rjernst

Adrien Grand -> https://github.com/jpountz

Hirofumi Kawasaki -> https://github.com/wlbhiro

Larry Gregory -> https://github.com/legrego

Rob Waight -> https://github.com/rwaight

Armin Braun -> https://github.com/original-brownbear

David Kyle -> https://github.com/kdrudy

Zachary Tong -> https://github.com/polyfractal

Antonin Delpeuch -> https://github.com/wetneb

Andrey Ershov -> https://github.com/slmjy

Enrico Zimuel -> https://github.com/ezimuel

Vega -> https://github.com/vega

Tim Vernum -> https://github.com/tvernum

Yogesh Gaikwad -> https://github.com/bizybot

hanbj -> https://github.com/hanbj

Hassan Alam -> https://github.com/AlameerAshraf

Dipika -> https://github.com/Dipika

LHearen -> https://github.com/Hearen

Vadim Dalecky -> https://github.com/streamich

William Brafford -> https://github.com/williamrandolph

Mitch -> https://github.com/Mitch

Nikita Glashenko -> https://github.com/Hohol

David Pilato -> https://github.com/dadoonet

Erik Jarleberg -> https://github.com/ejarleberg

Vishlesh Patel -> https://github.com/vishleshpatel

Amogh Jahagirdar -> https://github.com/amogh-jrules

Nick Knize -> https://github.com/nknize

Jay Modi -> https://github.com/jaymode

Christos Soulios -> https://github.com/csoulios

Daisuke Harada -> https://github.com/machisuke

Mariha Kozinska -> https://github.com/mariha

Neale Ferguson -> https://github.com/nealef

Julie Tibshirani -> https://github.com/jtibshirani

Ojas gulati -> https://github.com/ojasgulati

Cameron Nemo -> https://github.com/CameronNemo

James Dorfman -> https://github.com/jamesdorfman

Hicham Mallah -> https://github.com/codebird

Tal Levy -> https://github.com/talevy

Andrei Stefan -> https://github.com/MunteanuAndreiStefan

Jack Desert -> https://github.com/jackdesert

Vadim TSesko -> https://github.com/incubos

Kumar Shubham -> https://github.com/krshubham

Sherry Ger -> https://github.com/sherry-ger

Russ Cam -> https://github.com/russcam

Glen Smith -> https://github.com/glenasmith

Mingeun Kim -> https://github.com/getsolaris

Olli -> https://github.com/Olli

Christoph Büscher -> https://github.com/cbuescher

Julio Valcarcel -> https://github.com/juliovalcarcel

Emmanuel DEMEY -> https://github.com/EmmanuelDemey

Ivange Larry -> https://github.com/ivange94

Himanshu Pandey -> https://github.com/hpandeycodeit

yunchenglu -> https://github.com/yunchenglu

Like -> https://github.com/like

Thiago Souza -> https://github.com/tsouza

Shuaib Yunus -> https://github.com/shuaibiyy

Roeland van Batenburg -> https://github.com/roelandvanbatenburg

Vladimir Dolzhenko -> https://github.com/vladimirdolzhenko

Mirko Jotic -> https://github.com/mirkojotic

한우람 -> https://github.com/hgword

Stuart Cam -> https://github.com/codebrain

Ivan Brusic -> https://github.com/brusic

Tyler Langlois -> https://github.com/tylerjl

Ray Elenteny -> https://github.com/relenteny

Matt Franklin -> https://github.com/mfranklin

Gerald Quintana -> https://github.com/gquintana

Lars Martin -> https://github.com/CrystalMethod

